3,20,,2014-03-02,0,incidence,,,,,,0,CDC-cleaned
3,20,,2014-03-03,0,incidence,,,,,,0,CDC-cleaned
3,20,,2014-03-04,0,incidence,,,,,,0,CDC-cleaned
3,20,,2014-03-05,0,incidence,,,,,,0,CDC-cleaned
3,20,,2014-03-06,0,incidence,,,,,,0,CDC-cleaned
3,20,,2014-03-07,0,incidence,,,,,,0,CDC-cleaned
3,20,,2014-03-08,0,incidence,,,,,,0,CDC-cleaned
3,20,,2014-03-09,0,incidence,,,,,,0,CDC-cleaned
3,20,,2014-03-10,0,incidence,,,,,,0,CDC-cleaned
3,20,,2014-03-11,0,incidence,,,,,,0,CDC-cleaned
3,20,,2014-03-12,0,incidence,,,,,,0,CDC-cleaned
3,20,,2014-03-13,0,incidence,,,,,,0,CDC-cleaned
3,20,,2014-03-14,0,incidence,,,,,,0,CDC-cleaned
3,20,,2014-03-15,0,incidence,,,,,,0,CDC-cleaned
3,20,,2014-03-16,0,incidence,,,,,,0,CDC-cleaned
3,20,,2014-03-17,0,incidence,,,,,,0,CDC-cleaned
3,20,,2014-03-18,0,incidence,,,,,,0,CDC-cleaned
3,20,,2014-03-19,0,incidence,,,,,,0,CDC-cleaned
3,20,,2014-03-20,0,incidence,,,,,,0,CDC-cleaned
3,20,,2014-03-21,0,incidence,,,,,,0,CDC-cleaned
3,20,,2014-03-22,0,incidence,,,,,,0,CDC-cleaned
3,20,,2014-03-23,0,incidence,,,,,,0,CDC-cleaned
3,20,,2014-03-24,0,incidence,,,,,,0,CDC-cleaned
3,20,,2014-03-25,86,incidence,,,,,,0,CDC-cleaned
3,20,,2014-03-26,0,incidence,,,,,,0,CDC-cleaned
3,20,,2014-03-27,17,incidence,,,,,,0,CDC-cleaned
3,20,,2014-03-31,9,incidence,,,,,,0,CDC-cleaned
3,20,,2014-04-01,10,incidence,,,,,,0,CDC-cleaned
3,20,,2014-04-02,5,incidence,,,,,,0,CDC-cleaned
3,20,,2014-04-07,24,incidence,,,,,,0,CDC-cleaned
3,20,,2014-04-10,6,incidence,,,,,,0,CDC-cleaned
3,20,,2014-04-17,40,incidence,,,,,,0,CDC-cleaned
3,20,,2014-04-21,6,incidence,,,,,,0,CDC-cleaned
3,20,,2014-04-23,5,incidence,,,,,,0,CDC-cleaned
3,20,,2014-04-30,13,incidence,,,,,,0,CDC-cleaned
3,20,,2014-05-05,10,incidence,,,,,,0,CDC-cleaned
3,20,,2014-05-14,2,incidence,,,,,,0,CDC-cleaned
3,20,,2014-05-23,25,incidence,,,,,,0,CDC-cleaned
3,20,,2014-05-27,0,incidence,,,,,,0,CDC-cleaned
3,20,,2014-05-28,23,incidence,,,,,,0,CDC-cleaned
3,20,,2014-06-02,10,incidence,,,,,,0,CDC-cleaned
3,20,,2014-06-05,53,incidence,,,,,,0,CDC-cleaned
3,20,,2014-06-10,28,incidence,,,,,,0,CDC-cleaned
3,20,,2014-06-11,4,incidence,,,,,,0,CDC-cleaned
3,20,,2014-06-18,14,incidence,,,,,,0,CDC-cleaned
3,20,,2014-06-24,0,incidence,,,,,,0,CDC-cleaned
3,20,,2014-07-02,18,incidence,,,,,,0,CDC-cleaned
3,20,,2014-07-07,0,incidence,,,,,,0,CDC-cleaned
3,20,,2014-07-08,0,incidence,,,,,,0,CDC-cleaned
3,20,,2014-07-14,1,incidence,,,,,,0,CDC-cleaned
3,20,,2014-07-16,0,incidence,,,,,,0,CDC-cleaned
3,20,,2014-07-21,1,incidence,,,,,,0,CDC-cleaned
3,20,,2014-07-24,5,incidence,,,,,,0,CDC-cleaned
3,20,,2014-07-28,12,incidence,,,,,,0,CDC-cleaned
3,20,,2014-07-31,33,incidence,,,,,,0,CDC-cleaned
3,20,,2014-08-03,12,incidence,,,,,,0,CDC-cleaned
3,20,,2014-08-04,13,incidence,,,,,,0,CDC-cleaned
3,20,,2014-08-08,10,incidence,,,,,,0,CDC-cleaned
3,20,,2014-08-12,11,incidence,,,,,,0,CDC-cleaned
3,20,,2014-08-13,4,incidence,,,,,,0,CDC-cleaned
3,20,,2014-08-15,9,incidence,,,,,,0,CDC-cleaned
3,20,,2014-08-19,24,incidence,,,,,,0,CDC-cleaned
3,20,,2014-08-21,36,incidence,,,,,,0,CDC-cleaned
3,20,,2014-08-22,28,incidence,,,,,,0,CDC-cleaned
3,20,,2014-08-28,41,incidence,,,,,,0,CDC-cleaned
3,20,,2014-09-06,164,incidence,,,,,,0,CDC-cleaned
3,20,,2014-09-08,49,incidence,,,,,,0,CDC-cleaned
3,20,,2014-09-12,0,incidence,,,,,,0,CDC-cleaned
3,20,,2014-09-16,75,incidence,,,,,,0,CDC-cleaned
3,20,,2014-09-18,6,incidence,,,,,,0,CDC-cleaned
3,20,,2014-09-22,66,incidence,,,,,,0,CDC-cleaned
3,20,,2014-09-24,14,incidence,,,,,,0,CDC-cleaned
3,20,,2014-09-26,52,incidence,,,,,,0,CDC-cleaned
3,20,,2014-10-01,83,incidence,,,,,,0,CDC-cleaned
3,20,,2014-10-03,42,incidence,,,,,,0,CDC-cleaned
3,20,,2014-10-08,99,incidence,,,,,,0,CDC-cleaned
3,20,,2014-10-10,52,incidence,,,,,,0,CDC-cleaned
3,20,,2014-10-15,122,incidence,,,,,,0,CDC-cleaned
3,20,,2014-10-17,47,incidence,,,,,,0,CDC-cleaned
3,20,,2014-10-22,21,incidence,,,,,,0,CDC-cleaned
3,20,,2014-10-25,13,incidence,,,,,,0,CDC-cleaned
3,20,,2014-10-29,114,incidence,,,,,,0,CDC-cleaned
3,20,,2014-10-31,0,incidence,,,,,,0,CDC-cleaned
3,20,,2014-11-05,64,incidence,,,,,,0,CDC-cleaned
3,20,,2014-11-07,29,incidence,,,,,,0,CDC-cleaned
3,20,,2014-11-12,118,incidence,,,,,,0,CDC-cleaned
3,20,,2014-11-14,41,incidence,,,,,,0,CDC-cleaned
3,20,,2014-11-19,52,incidence,,,,,,0,CDC-cleaned
3,20,,2014-11-21,76,incidence,,,,,,0,CDC-cleaned
3,20,,2014-11-26,87,incidence,,,,,,0,CDC-cleaned
3,20,,2014-11-28,21,incidence,,,,,,0,CDC-cleaned
3,20,,2014-12-03,9,incidence,,,,,,0,CDC-cleaned
3,20,,2014-12-10,128,incidence,,,,,,0,CDC-cleaned
3,20,,2014-12-17,124,incidence,,,,,,0,CDC-cleaned
3,20,,2014-12-24,181,incidence,,,,,,0,CDC-cleaned
3,20,,2014-12-31,110,incidence,,,,,,0,CDC-cleaned
3,20,,2015-01-07,68,incidence,,,,,,0,CDC-cleaned
3,20,,2015-01-14,31,incidence,,,,,,0,CDC-cleaned
3,20,,2015-01-21,65,incidence,,,,,,0,CDC-cleaned
3,20,,2015-01-28,46,incidence,,,,,,0,CDC-cleaned
3,20,,2015-02-04,58,incidence,,,,,,0,CDC-cleaned
3,20,,2015-02-11,69,incidence,,,,,,0,CDC-cleaned
3,20,,2015-02-18,64,incidence,,,,,,0,CDC-cleaned
3,20,,2015-02-25,47,incidence,,,,,,0,CDC-cleaned
3,20,,2015-03-04,64,incidence,,,,,,0,CDC-cleaned
3,20,,2015-03-11,66,incidence,,,,,,0,CDC-cleaned
3,20,,2015-03-18,104,incidence,,,,,,0,CDC-cleaned
3,20,,2015-03-25,40,incidence,,,,,,0,CDC-cleaned
3,20,,2015-04-01,63,incidence,,,,,,0,CDC-cleaned
3,20,,2015-04-08,23,incidence,,,,,,0,CDC-cleaned
3,20,,2015-04-15,33,incidence,,,,,,0,CDC-cleaned
3,20,,2015-04-22,17,incidence,,,,,,0,CDC-cleaned
3,20,,2015-04-29,19,incidence,,,,,,0,CDC-cleaned
3,20,,2015-05-06,5,incidence,,,,,,0,CDC-cleaned
3,20,,2015-05-13,8,incidence,,,,,,0,CDC-cleaned
3,20,,2015-05-20,38,incidence,,,,,,0,CDC-cleaned
3,20,,2015-05-27,6,incidence,,,,,,0,CDC-cleaned
3,20,,2015-06-03,11,incidence,,,,,,0,CDC-cleaned
3,20,,2015-06-10,18,incidence,,,,,,0,CDC-cleaned
3,20,,2015-06-17,4,incidence,,,,,,0,CDC-cleaned
3,20,,2015-06-24,44,incidence,,,,,,0,CDC-cleaned
3,20,,2015-07-01,11,incidence,,,,,,0,CDC-cleaned
3,20,,2015-07-08,19,incidence,,,,,,0,CDC-cleaned
3,20,,2015-07-15,12,incidence,,,,,,0,CDC-cleaned
3,20,,2015-07-22,23,incidence,,,,,,0,CDC-cleaned
3,20,,2015-07-29,1,incidence,,,,,,0,CDC-cleaned
3,20,,2015-08-05,0,incidence,,,,,,0,CDC-cleaned
3,20,,2015-08-12,2,incidence,,,,,,0,CDC-cleaned
3,20,,2015-08-19,0,incidence,,,,,,0,CDC-cleaned
3,20,,2015-08-26,6,incidence,,,,,,0,CDC-cleaned
3,20,,2015-09-03,0,incidence,,,,,,0,CDC-cleaned
3,20,,2015-09-10,0,incidence,,,,,,0,CDC-cleaned
3,20,,2015-09-17,0,incidence,,,,,,0,CDC-cleaned
3,20,,2015-09-24,8,incidence,,,,,,0,CDC-cleaned
3,20,,2015-10-01,0,incidence,,,,,,0,CDC-cleaned
3,20,,2015-10-08,0,incidence,,,,,,0,CDC-cleaned
3,20,,2015-10-15,0,incidence,,,,,,0,CDC-cleaned
3,20,,2015-10-22,3,incidence,,,,,,0,CDC-cleaned
3,20,,2015-10-29,0,incidence,,,,,,0,CDC-cleaned
3,20,,2015-11-05,1,incidence,,,,,,0,CDC-cleaned
3,20,,2015-11-11,0,incidence,,,,,,0,CDC-cleaned
3,20,,2015-11-18,0,incidence,,,,,,0,CDC-cleaned
3,20,,2015-11-25,0,incidence,,,,,,0,CDC-cleaned
3,20,,2015-12-02,0,incidence,,,,,,0,CDC-cleaned
3,20,,2015-12-09,0,incidence,,,,,,0,CDC-cleaned
3,20,,2015-12-16,0,incidence,,,,,,0,CDC-cleaned
3,20,,2015-12-23,0,incidence,,,,,,0,CDC-cleaned
3,20,,2015-12-30,0,incidence,,,,,,0,CDC-cleaned
3,20,,2016-01-06,0,incidence,,,,,,0,CDC-cleaned
3,20,,2016-01-13,0,incidence,,,,,,0,CDC-cleaned
3,20,,2016-01-20,0,incidence,,,,,,0,CDC-cleaned
3,20,,2016-01-27,0,incidence,,,,,,0,CDC-cleaned
3,20,,2016-02-03,0,incidence,,,,,,0,CDC-cleaned
3,20,,2016-02-10,0,incidence,,,,,,0,CDC-cleaned
3,20,,2016-02-17,0,incidence,,,,,,0,CDC-cleaned
3,20,,2014-03-02,0,deaths,,,,,,0,CDC-cleaned
3,20,,2014-03-03,0,deaths,,,,,,0,CDC-cleaned
3,20,,2014-03-04,0,deaths,,,,,,0,CDC-cleaned
3,20,,2014-03-05,0,deaths,,,,,,0,CDC-cleaned
3,20,,2014-03-06,0,deaths,,,,,,0,CDC-cleaned
3,20,,2014-03-07,0,deaths,,,,,,0,CDC-cleaned
3,20,,2014-03-08,0,deaths,,,,,,0,CDC-cleaned
3,20,,2014-03-09,0,deaths,,,,,,0,CDC-cleaned
3,20,,2014-03-10,0,deaths,,,,,,0,CDC-cleaned
3,20,,2014-03-11,0,deaths,,,,,,0,CDC-cleaned
3,20,,2014-03-12,0,deaths,,,,,,0,CDC-cleaned
3,20,,2014-03-13,0,deaths,,,,,,0,CDC-cleaned
3,20,,2014-03-14,0,deaths,,,,,,0,CDC-cleaned
3,20,,2014-03-15,0,deaths,,,,,,0,CDC-cleaned
3,20,,2014-03-16,0,deaths,,,,,,0,CDC-cleaned
3,20,,2014-03-17,0,deaths,,,,,,0,CDC-cleaned
3,20,,2014-03-18,0,deaths,,,,,,0,CDC-cleaned
3,20,,2014-03-19,0,deaths,,,,,,0,CDC-cleaned
3,20,,2014-03-20,0,deaths,,,,,,0,CDC-cleaned
3,20,,2014-03-21,0,deaths,,,,,,0,CDC-cleaned
3,20,,2014-03-22,0,deaths,,,,,,0,CDC-cleaned
3,20,,2014-03-23,0,deaths,,,,,,0,CDC-cleaned
3,20,,2014-03-24,0,deaths,,,,,,0,CDC-cleaned
3,20,,2014-03-25,59,deaths,,,,,,0,CDC-cleaned
3,20,,2014-03-26,1,deaths,,,,,,0,CDC-cleaned
3,20,,2014-03-27,6,deaths,,,,,,0,CDC-cleaned
3,20,,2014-03-31,4,deaths,,,,,,0,CDC-cleaned
3,20,,2014-04-01,10,deaths,,,,,,0,CDC-cleaned
3,20,,2014-04-02,3,deaths,,,,,,0,CDC-cleaned
3,20,,2014-04-07,12,deaths,,,,,,0,CDC-cleaned
3,20,,2014-04-10,6,deaths,,,,,,0,CDC-cleaned
3,20,,2014-04-17,21,deaths,,,,,,0,CDC-cleaned
3,20,,2014-04-21,7,deaths,,,,,,0,CDC-cleaned
3,20,,2014-04-23,7,deaths,,,,,,0,CDC-cleaned
3,20,,2014-04-30,10,deaths,,,,,,0,CDC-cleaned
3,20,,2014-05-05,9,deaths,,,,,,0,CDC-cleaned
3,20,,2014-05-14,2,deaths,,,,,,0,CDC-cleaned
3,20,,2014-05-23,17,deaths,,,,,,0,CDC-cleaned
3,20,,2014-05-27,0,deaths,,,,,,0,CDC-cleaned
3,20,,2014-05-28,12,deaths,,,,,,0,CDC-cleaned
3,20,,2014-06-02,7,deaths,,,,,,0,CDC-cleaned
3,20,,2014-06-05,22,deaths,,,,,,0,CDC-cleaned
3,20,,2014-06-10,21,deaths,,,,,,0,CDC-cleaned
3,20,,2014-06-11,5,deaths,,,,,,0,CDC-cleaned
3,20,,2014-06-18,23,deaths,,,,,,0,CDC-cleaned
3,20,,2014-06-24,6,deaths,,,,,,0,CDC-cleaned
3,20,,2014-07-02,33,deaths,,,,,,0,CDC-cleaned
3,20,,2014-07-07,1,deaths,,,,,,0,CDC-cleaned
3,20,,2014-07-08,0,deaths,,,,,,0,CDC-cleaned
3,20,,2014-07-14,0,deaths,,,,,,0,CDC-cleaned
3,20,,2014-07-16,0,deaths,,,,,,0,CDC-cleaned
3,20,,2014-07-21,6,deaths,,,,,,0,CDC-cleaned
3,20,,2014-07-24,4,deaths,,,,,,0,CDC-cleaned
3,20,,2014-07-28,5,deaths,,,,,,0,CDC-cleaned
3,20,,2014-07-31,20,deaths,,,,,,0,CDC-cleaned
3,20,,2014-08-03,7,deaths,,,,,,0,CDC-cleaned
3,20,,2014-08-04,12,deaths,,,,,,0,CDC-cleaned
3,20,,2014-08-08,9,deaths,,,,,,0,CDC-cleaned
3,20,,2014-08-12,6,deaths,,,,,,0,CDC-cleaned
3,20,,2014-08-13,4,deaths,,,,,,0,CDC-cleaned
3,20,,2014-08-15,3,deaths,,,,,,0,CDC-cleaned
3,20,,2014-08-19,14,deaths,,,,,,0,CDC-cleaned
3,20,,2014-08-21,2,deaths,,,,,,0,CDC-cleaned
3,20,,2014-08-22,10,deaths,,,,,,0,CDC-cleaned
3,20,,2014-08-28,24,deaths,,,,,,0,CDC-cleaned
3,20,,2014-09-06,87,deaths,,,,,,0,CDC-cleaned
3,20,,2014-09-08,38,deaths,,,,,,0,CDC-cleaned
3,20,,2014-09-12,2,deaths,,,,,,0,CDC-cleaned
3,20,,2014-09-16,38,deaths,,,,,,0,CDC-cleaned
3,20,,2014-09-18,6,deaths,,,,,,0,CDC-cleaned
3,20,,2014-09-22,31,deaths,,,,,,0,CDC-cleaned
3,20,,2014-09-24,3,deaths,,,,,,0,CDC-cleaned
3,20,,2014-09-26,13,deaths,,,,,,0,CDC-cleaned
3,20,,2014-10-01,62,deaths,,,,,,0,CDC-cleaned
3,20,,2014-10-03,29,deaths,,,,,,0,CDC-cleaned
3,20,,2014-10-08,29,deaths,,,,,,0,CDC-cleaned
3,20,,2014-10-10,10,deaths,,,,,,0,CDC-cleaned
3,20,,2014-10-15,65,deaths,,,,,,0,CDC-cleaned
3,20,,2014-10-17,19,deaths,,,,,,0,CDC-cleaned
3,20,,2014-10-22,42,deaths,,,,,,0,CDC-cleaned
3,20,,2014-10-25,22,deaths,,,,,,0,CDC-cleaned
3,20,,2014-10-29,71,deaths,,,,,,0,CDC-cleaned
3,20,,2014-10-31,21,deaths,,,,,,0,CDC-cleaned
3,20,,2014-11-05,23,deaths,,,,,,0,CDC-cleaned
3,20,,2014-11-07,13,deaths,,,,,,0,CDC-cleaned
3,20,,2014-11-12,88,deaths,,,,,,0,CDC-cleaned
3,20,,2014-11-14,24,deaths,,,,,,0,CDC-cleaned
3,20,,2014-11-19,26,deaths,,,,,,0,CDC-cleaned
3,20,,2014-11-21,22,deaths,,,,,,0,CDC-cleaned
3,20,,2014-11-26,46,deaths,,,,,,0,CDC-cleaned
3,20,,2014-11-28,52,deaths,,,,,,0,CDC-cleaned
3,20,,2014-12-03,15,deaths,,,,,,0,CDC-cleaned
3,20,,2014-12-10,101,deaths,,,,,,0,CDC-cleaned
3,20,,2014-12-17,97,deaths,,,,,,0,CDC-cleaned
3,20,,2014-12-24,82,deaths,,,,,,0,CDC-cleaned
3,20,,2014-12-31,101,deaths,,,,,,0,CDC-cleaned
3,20,,2015-01-07,73,deaths,,,,,,0,CDC-cleaned
3,20,,2015-01-14,33,deaths,,,,,,0,CDC-cleaned
3,20,,2015-01-21,62,deaths,,,,,,0,CDC-cleaned
3,20,,2015-01-28,34,deaths,,,,,,0,CDC-cleaned
3,20,,2015-02-04,34,deaths,,,,,,0,CDC-cleaned
3,20,,2015-02-11,51,deaths,,,,,,0,CDC-cleaned
3,20,,2015-02-18,62,deaths,,,,,,0,CDC-cleaned
3,20,,2015-02-25,34,deaths,,,,,,0,CDC-cleaned
3,20,,2015-03-04,38,deaths,,,,,,0,CDC-cleaned
3,20,,2015-03-11,41,deaths,,,,,,0,CDC-cleaned
3,20,,2015-03-18,54,deaths,,,,,,0,CDC-cleaned
3,20,,2015-03-25,39,deaths,,,,,,0,CDC-cleaned
3,20,,2015-04-01,51,deaths,,,,,,0,CDC-cleaned
3,20,,2015-04-08,19,deaths,,,,,,0,CDC-cleaned
3,20,,2015-04-15,13,deaths,,,,,,0,CDC-cleaned
3,20,,2015-04-22,12,deaths,,,,,,0,CDC-cleaned
3,20,,2015-04-29,19,deaths,,,,,,0,CDC-cleaned
3,20,,2015-05-06,9,deaths,,,,,,0,CDC-cleaned
3,20,,2015-05-13,6,deaths,,,,,,0,CDC-cleaned
3,20,,2015-05-20,15,deaths,,,,,,0,CDC-cleaned
3,20,,2015-05-27,13,deaths,,,,,,0,CDC-cleaned
3,20,,2015-06-03,9,deaths,,,,,,0,CDC-cleaned
3,20,,2015-06-10,8,deaths,,,,,,0,CDC-cleaned
3,20,,2015-06-17,7,deaths,,,,,,0,CDC-cleaned
3,20,,2015-06-24,29,deaths,,,,,,0,CDC-cleaned
3,20,,2015-07-01,9,deaths,,,,,,0,CDC-cleaned
3,20,,2015-07-08,17,deaths,,,,,,0,CDC-cleaned
3,20,,2015-07-15,7,deaths,,,,,,0,CDC-cleaned
3,20,,2015-07-22,6,deaths,,,,,,0,CDC-cleaned
3,20,,2015-07-29,8,deaths,,,,,,0,CDC-cleaned
3,20,,2015-08-05,2,deaths,,,,,,0,CDC-cleaned
3,20,,2015-08-12,2,deaths,,,,,,0,CDC-cleaned
3,20,,2015-08-19,0,deaths,,,,,,0,CDC-cleaned
3,20,,2015-08-26,3,deaths,,,,,,0,CDC-cleaned
3,20,,2015-09-03,2,deaths,,,,,,0,CDC-cleaned
3,20,,2015-09-10,1,deaths,,,,,,0,CDC-cleaned
3,20,,2015-09-17,0,deaths,,,,,,0,CDC-cleaned
3,20,,2015-09-24,2,deaths,,,,,,0,CDC-cleaned
3,20,,2015-10-01,1,deaths,,,,,,0,CDC-cleaned
3,20,,2015-10-08,1,deaths,,,,,,0,CDC-cleaned
3,20,,2015-10-15,0,deaths,,,,,,0,CDC-cleaned
3,20,,2015-10-22,1,deaths,,,,,,0,CDC-cleaned
3,20,,2015-10-29,0,deaths,,,,,,0,CDC-cleaned
3,20,,2015-11-05,1,deaths,,,,,,0,CDC-cleaned
3,20,,2015-11-11,0,deaths,,,,,,0,CDC-cleaned
3,20,,2015-11-18,0,deaths,,,,,,0,CDC-cleaned
3,20,,2015-11-25,0,deaths,,,,,,0,CDC-cleaned
3,20,,2015-12-02,0,deaths,,,,,,0,CDC-cleaned
3,20,,2015-12-09,0,deaths,,,,,,0,CDC-cleaned
3,20,,2015-12-16,0,deaths,,,,,,0,CDC-cleaned
3,20,,2015-12-23,0,deaths,,,,,,0,CDC-cleaned
3,20,,2015-12-30,0,deaths,,,,,,0,CDC-cleaned
3,20,,2016-01-06,0,deaths,,,,,,0,CDC-cleaned
3,20,,2016-01-13,0,deaths,,,,,,0,CDC-cleaned
3,20,,2016-01-20,0,deaths,,,,,,0,CDC-cleaned
3,20,,2016-01-27,0,deaths,,,,,,0,CDC-cleaned
3,20,,2016-02-03,0,deaths,,,,,,0,CDC-cleaned
3,20,,2016-02-10,0,deaths,,,,,,0,CDC-cleaned
3,20,,2016-02-17,0,deaths,,,,,,0,CDC-cleaned
3,11,,2014-03-02,0,incidence,,,,,,0,CDC-cleaned
3,11,,2014-03-03,0,incidence,,,,,,0,CDC-cleaned
3,11,,2014-03-04,0,incidence,,,,,,0,CDC-cleaned
3,11,,2014-03-05,0,incidence,,,,,,0,CDC-cleaned
3,11,,2014-03-06,0,incidence,,,,,,0,CDC-cleaned
3,11,,2014-03-07,0,incidence,,,,,,0,CDC-cleaned
3,11,,2014-03-08,0,incidence,,,,,,0,CDC-cleaned
3,11,,2014-03-09,0,incidence,,,,,,0,CDC-cleaned
3,11,,2014-03-10,0,incidence,,,,,,0,CDC-cleaned
3,11,,2014-03-11,0,incidence,,,,,,0,CDC-cleaned
3,11,,2014-03-12,0,incidence,,,,,,0,CDC-cleaned
3,11,,2014-03-13,0,incidence,,,,,,0,CDC-cleaned
3,11,,2014-03-14,0,incidence,,,,,,0,CDC-cleaned
3,11,,2014-03-15,0,incidence,,,,,,0,CDC-cleaned
3,11,,2014-03-16,0,incidence,,,,,,0,CDC-cleaned
3,11,,2014-03-17,0,incidence,,,,,,0,CDC-cleaned
3,11,,2014-03-18,0,incidence,,,,,,0,CDC-cleaned
3,11,,2014-03-19,0,incidence,,,,,,0,CDC-cleaned
3,11,,2014-03-20,0,incidence,,,,,,0,CDC-cleaned
3,11,,2014-03-21,0,incidence,,,,,,0,CDC-cleaned
3,11,,2014-03-22,0,incidence,,,,,,0,CDC-cleaned
3,11,,2014-03-23,0,incidence,,,,,,0,CDC-cleaned
3,11,,2014-03-24,0,incidence,,,,,,0,CDC-cleaned
3,11,,2014-03-25,0,incidence,,,,,,0,CDC-cleaned
3,11,,2014-03-26,0,incidence,,,,,,0,CDC-cleaned
3,11,,2014-03-27,8,incidence,,,,,,0,CDC-cleaned
3,11,,2014-03-31,0,incidence,,,,,,0,CDC-cleaned
3,11,,2014-04-01,0,incidence,,,,,,0,CDC-cleaned
3,11,,2014-04-02,0,incidence,,,,,,0,CDC-cleaned
3,11,,2014-04-07,1,incidence,,,,,,0,CDC-cleaned
3,11,,2014-04-10,1,incidence,,,,,,0,CDC-cleaned
3,11,,2014-04-17,1,incidence,,,,,,0,CDC-cleaned
3,11,,2014-04-21,1,incidence,,,,,,0,CDC-cleaned
3,11,,2014-04-23,1,incidence,,,,,,0,CDC-cleaned
3,11,,2014-04-30,0,incidence,,,,,,0,CDC-cleaned
3,11,,2014-05-05,0,incidence,,,,,,0,CDC-cleaned
3,11,,2014-05-14,0,incidence,,,,,,0,CDC-cleaned
3,11,,2014-05-23,0,incidence,,,,,,0,CDC-cleaned
3,11,,2014-05-27,0,incidence,,,,,,0,CDC-cleaned
3,11,,2014-05-28,0,incidence,,,,,,0,CDC-cleaned
3,11,,2014-06-02,1,incidence,,,,,,0,CDC-cleaned
3,11,,2014-06-05,0,incidence,,,,,,0,CDC-cleaned
3,11,,2014-06-10,2,incidence,,,,,,0,CDC-cleaned
3,11,,2014-06-11,0,incidence,,,,,,0,CDC-cleaned
3,11,,2014-06-18,18,incidence,,,,,,0,CDC-cleaned
3,11,,2014-06-24,18,incidence,,,,,,0,CDC-cleaned
3,11,,2014-07-02,56,incidence,,,,,,0,CDC-cleaned
3,11,,2014-07-07,8,incidence,,,,,,0,CDC-cleaned
3,11,,2014-07-08,16,incidence,,,,,,0,CDC-cleaned
3,11,,2014-07-14,11,incidence,,,,,,0,CDC-cleaned
3,11,,2014-07-16,30,incidence,,,,,,0,CDC-cleaned
3,11,,2014-07-21,24,incidence,,,,,,0,CDC-cleaned
3,11,,2014-07-24,28,incidence,,,,,,0,CDC-cleaned
3,11,,2014-07-28,25,incidence,,,,,,0,CDC-cleaned
3,11,,2014-07-31,80,incidence,,,,,,0,CDC-cleaned
3,11,,2014-08-03,62,incidence,,,,,,0,CDC-cleaned
3,11,,2014-08-04,95,incidence,,,,,,0,CDC-cleaned
3,11,,2014-08-08,68,incidence,,,,,,0,CDC-cleaned
3,11,,2014-08-12,45,incidence,,,,,,0,CDC-cleaned
3,11,,2014-08-13,71,incidence,,,,,,0,CDC-cleaned
3,11,,2014-08-15,116,incidence,,,,,,0,CDC-cleaned
3,11,,2014-08-19,48,incidence,,,,,,0,CDC-cleaned
3,11,,2014-08-21,138,incidence,,,,,,0,CDC-cleaned
3,11,,2014-08-22,110,incidence,,,,,,0,CDC-cleaned
3,11,,2014-08-28,296,incidence,,,,,,0,CDC-cleaned
3,11,,2014-09-06,493,incidence,,,,,,0,CDC-cleaned
3,11,,2014-09-08,175,incidence,,,,,,0,CDC-cleaned
3,11,,2014-09-12,35,incidence,,,,,,0,CDC-cleaned
3,11,,2014-09-16,326,incidence,,,,,,0,CDC-cleaned
3,11,,2014-09-18,303,incidence,,,,,,0,CDC-cleaned
3,11,,2014-09-22,312,incidence,,,,,,0,CDC-cleaned
3,11,,2014-09-24,258,incidence,,,,,,0,CDC-cleaned
3,11,,2014-09-26,178,incidence,,,,,,0,CDC-cleaned
3,11,,2014-10-01,238,incidence,,,,,,0,CDC-cleaned
3,11,,2014-10-03,138,incidence,,,,,,0,CDC-cleaned
3,11,,2014-10-08,90,incidence,,,,,,0,CDC-cleaned
3,11,,2014-10-10,152,incidence,,,,,,0,CDC-cleaned
3,11,,2014-10-15,173,incidence,,,,,,0,CDC-cleaned
3,11,,2014-10-17,478,incidence,,,,,,0,CDC-cleaned
3,11,,2014-10-22,868,incidence,,,,,,0,CDC-cleaned
3,11,,2014-10-25,465,incidence,,,,,,0,CDC-cleaned
3,11,,2014-10-29,465,incidence,,,,,,0,CDC-cleaned
3,11,,2014-10-31,0,incidence,,,,,,0,CDC-cleaned
3,11,,2014-11-05,0,incidence,,,,,,0,CDC-cleaned
3,11,,2014-11-07,94,incidence,,,,,,0,CDC-cleaned
3,11,,2014-11-12,203,incidence,,,,,,0,CDC-cleaned
3,11,,2014-11-14,56,incidence,,,,,,0,CDC-cleaned
3,11,,2014-11-19,191,incidence,,,,,,0,CDC-cleaned
3,11,,2014-11-21,13,incidence,,,,,,0,CDC-cleaned
3,11,,2014-11-26,86,incidence,,,,,,0,CDC-cleaned
3,11,,2014-11-28,467,incidence,,,,,,0,CDC-cleaned
3,11,,2014-12-03,0,incidence,,,,,,0,CDC-cleaned
3,11,,2014-12-10,84,incidence,,,,,,0,CDC-cleaned
3,11,,2014-12-17,78,incidence,,,,,,0,CDC-cleaned
3,11,,2014-12-24,65,incidence,,,,,,0,CDC-cleaned
3,11,,2014-12-31,156,incidence,,,,,,0,CDC-cleaned
3,11,,2015-01-07,139,incidence,,,,,,0,CDC-cleaned
3,11,,2015-01-14,174,incidence,,,,,,0,CDC-cleaned
3,11,,2015-01-21,147,incidence,,,,,,0,CDC-cleaned
3,11,,2015-01-28,144,incidence,,,,,,0,CDC-cleaned
3,11,,2015-02-04,123,incidence,,,,,,0,CDC-cleaned
3,11,,2015-02-11,136,incidence,,,,,,0,CDC-cleaned
3,11,,2015-02-18,126,incidence,,,,,,0,CDC-cleaned
3,11,,2015-02-25,231,incidence,,,,,,0,CDC-cleaned
3,11,,2015-03-04,11,incidence,,,,,,0,CDC-cleaned
3,11,,2015-03-11,94,incidence,,,,,,0,CDC-cleaned
3,11,,2015-03-18,183,incidence,,,,,,0,CDC-cleaned
3,11,,2015-03-25,76,incidence,,,,,,0,CDC-cleaned
3,11,,2015-04-01,110,incidence,,,,,,0,CDC-cleaned
3,11,,2015-04-08,150,incidence,,,,,,0,CDC-cleaned
3,11,,2015-04-15,180,incidence,,,,,,0,CDC-cleaned
3,11,,2015-04-22,170,incidence,,,,,,0,CDC-cleaned
3,11,,2015-04-29,110,incidence,,,,,,0,CDC-cleaned
3,11,,2015-05-06,242,incidence,,,,,,0,CDC-cleaned
3,11,,2015-05-13,40,incidence,,,,,,0,CDC-cleaned
3,11,,2015-05-20,62,incidence,,,,,,0,CDC-cleaned
3,11,,2015-05-27,0,incidence,,,,,,0,CDC-cleaned
3,11,,2015-06-03,0,incidence,,,,,,0,CDC-cleaned
3,11,,2015-06-10,0,incidence,,,,,,0,CDC-cleaned
3,11,,2015-06-17,0,incidence,,,,,,0,CDC-cleaned
3,11,,2015-06-24,0,incidence,,,,,,0,CDC-cleaned
3,11,,2015-07-01,0,incidence,,,,,,0,CDC-cleaned
3,11,,2015-07-08,4,incidence,,,,,,0,CDC-cleaned
3,11,,2015-07-15,2,incidence,,,,,,0,CDC-cleaned
3,11,,2015-07-22,0,incidence,,,,,,0,CDC-cleaned
3,11,,2015-07-29,0,incidence,,,,,,0,CDC-cleaned
3,11,,2015-08-05,0,incidence,,,,,,0,CDC-cleaned
3,11,,2015-08-12,0,incidence,,,,,,0,CDC-cleaned
3,11,,2015-08-19,0,incidence,,,,,,0,CDC-cleaned
3,11,,2015-08-26,0,incidence,,,,,,0,CDC-cleaned
3,11,,2015-09-03,0,incidence,,,,,,0,CDC-cleaned
3,11,,2015-09-10,0,incidence,,,,,,0,CDC-cleaned
3,11,,2015-09-17,0,incidence,,,,,,0,CDC-cleaned
3,11,,2015-09-24,0,incidence,,,,,,0,CDC-cleaned
3,11,,2015-10-01,0,incidence,,,,,,0,CDC-cleaned
3,11,,2015-10-08,0,incidence,,,,,,0,CDC-cleaned
3,11,,2015-10-15,0,incidence,,,,,,0,CDC-cleaned
3,11,,2015-10-22,0,incidence,,,,,,0,CDC-cleaned
3,11,,2015-10-29,0,incidence,,,,,,0,CDC-cleaned
3,11,,2015-11-05,0,incidence,,,,,,0,CDC-cleaned
3,11,,2015-11-11,0,incidence,,,,,,0,CDC-cleaned
3,11,,2015-11-18,0,incidence,,,,,,0,CDC-cleaned
3,11,,2015-11-25,3,incidence,,,,,,0,CDC-cleaned
3,11,,2015-12-02,0,incidence,,,,,,0,CDC-cleaned
3,11,,2015-12-09,0,incidence,,,,,,0,CDC-cleaned
3,11,,2015-12-16,0,incidence,,,,,,0,CDC-cleaned
3,11,,2015-12-23,0,incidence,,,,,,0,CDC-cleaned
3,11,,2015-12-30,0,incidence,,,,,,0,CDC-cleaned
3,11,,2016-01-06,0,incidence,,,,,,0,CDC-cleaned
3,11,,2016-01-13,0,incidence,,,,,,0,CDC-cleaned
3,11,,2016-01-20,0,incidence,,,,,,0,CDC-cleaned
3,11,,2016-01-27,0,incidence,,,,,,0,CDC-cleaned
3,11,,2016-02-03,0,incidence,,,,,,0,CDC-cleaned
3,11,,2016-02-10,0,incidence,,,,,,0,CDC-cleaned
3,11,,2016-02-17,0,incidence,,,,,,0,CDC-cleaned
3,11,,2014-03-02,0,deaths,,,,,,0,CDC-cleaned
3,11,,2014-03-03,0,deaths,,,,,,0,CDC-cleaned
3,11,,2014-03-04,0,deaths,,,,,,0,CDC-cleaned
3,11,,2014-03-05,0,deaths,,,,,,0,CDC-cleaned
3,11,,2014-03-06,0,deaths,,,,,,0,CDC-cleaned
3,11,,2014-03-07,0,deaths,,,,,,0,CDC-cleaned
3,11,,2014-03-08,0,deaths,,,,,,0,CDC-cleaned
3,11,,2014-03-09,0,deaths,,,,,,0,CDC-cleaned
3,11,,2014-03-10,0,deaths,,,,,,0,CDC-cleaned
3,11,,2014-03-11,0,deaths,,,,,,0,CDC-cleaned
3,11,,2014-03-12,0,deaths,,,,,,0,CDC-cleaned
3,11,,2014-03-13,0,deaths,,,,,,0,CDC-cleaned
3,11,,2014-03-14,0,deaths,,,,,,0,CDC-cleaned
3,11,,2014-03-15,0,deaths,,,,,,0,CDC-cleaned
3,11,,2014-03-16,0,deaths,,,,,,0,CDC-cleaned
3,11,,2014-03-17,0,deaths,,,,,,0,CDC-cleaned
3,11,,2014-03-18,0,deaths,,,,,,0,CDC-cleaned
3,11,,2014-03-19,0,deaths,,,,,,0,CDC-cleaned
3,11,,2014-03-20,0,deaths,,,,,,0,CDC-cleaned
3,11,,2014-03-21,0,deaths,,,,,,0,CDC-cleaned
3,11,,2014-03-22,0,deaths,,,,,,0,CDC-cleaned
3,11,,2014-03-23,0,deaths,,,,,,0,CDC-cleaned
3,11,,2014-03-24,0,deaths,,,,,,0,CDC-cleaned
3,11,,2014-03-25,0,deaths,,,,,,0,CDC-cleaned
3,11,,2014-03-26,0,deaths,,,,,,0,CDC-cleaned
3,11,,2014-03-27,2,deaths,,,,,,0,CDC-cleaned
3,11,,2014-03-31,0,deaths,,,,,,0,CDC-cleaned
3,11,,2014-04-01,0,deaths,,,,,,0,CDC-cleaned
3,11,,2014-04-02,3,deaths,,,,,,0,CDC-cleaned
3,11,,2014-04-07,2,deaths,,,,,,0,CDC-cleaned
3,11,,2014-04-10,4,deaths,,,,,,0,CDC-cleaned
3,11,,2014-04-17,0,deaths,,,,,,0,CDC-cleaned
3,11,,2014-04-21,0,deaths,,,,,,0,CDC-cleaned
3,11,,2014-04-23,0,deaths,,,,,,0,CDC-cleaned
3,11,,2014-04-30,0,deaths,,,,,,0,CDC-cleaned
3,11,,2014-05-05,0,deaths,,,,,,0,CDC-cleaned
3,11,,2014-05-14,0,deaths,,,,,,0,CDC-cleaned
3,11,,2014-05-23,0,deaths,,,,,,0,CDC-cleaned
3,11,,2014-05-27,0,deaths,,,,,,0,CDC-cleaned
3,11,,2014-05-28,0,deaths,,,,,,0,CDC-cleaned
3,11,,2014-06-02,0,deaths,,,,,,0,CDC-cleaned
3,11,,2014-06-05,0,deaths,,,,,,0,CDC-cleaned
3,11,,2014-06-10,1,deaths,,,,,,0,CDC-cleaned
3,11,,2014-06-11,0,deaths,,,,,,0,CDC-cleaned
3,11,,2014-06-18,14,deaths,,,,,,0,CDC-cleaned
3,11,,2014-06-24,10,deaths,,,,,,0,CDC-cleaned
3,11,,2014-07-02,31,deaths,,,,,,0,CDC-cleaned
3,11,,2014-07-07,10,deaths,,,,,,0,CDC-cleaned
3,11,,2014-07-08,9,deaths,,,,,,0,CDC-cleaned
3,11,,2014-07-14,4,deaths,,,,,,0,CDC-cleaned
3,11,,2014-07-16,17,deaths,,,,,,0,CDC-cleaned
3,11,,2014-07-21,11,deaths,,,,,,0,CDC-cleaned
3,11,,2014-07-24,11,deaths,,,,,,0,CDC-cleaned
3,11,,2014-07-28,2,deaths,,,,,,0,CDC-cleaned
3,11,,2014-07-31,27,deaths,,,,,,0,CDC-cleaned
3,11,,2014-08-03,71,deaths,,,,,,0,CDC-cleaned
3,11,,2014-08-04,28,deaths,,,,,,0,CDC-cleaned
3,11,,2014-08-08,39,deaths,,,,,,0,CDC-cleaned
3,11,,2014-08-12,29,deaths,,,,,,0,CDC-cleaned
3,11,,2014-08-13,25,deaths,,,,,,0,CDC-cleaned
3,11,,2014-08-15,0,deaths,,,,,,0,CDC-cleaned
3,11,,2014-08-19,118,deaths,,,,,,0,CDC-cleaned
3,11,,2014-08-21,110,deaths,,,,,,0,CDC-cleaned
3,11,,2014-08-22,48,deaths,,,,,,0,CDC-cleaned
3,11,,2014-08-28,70,deaths,,,,,,0,CDC-cleaned
3,11,,2014-09-06,395,deaths,,,,,,0,CDC-cleaned
3,11,,2014-09-08,48,deaths,,,,,,0,CDC-cleaned
3,11,,2014-09-12,0,deaths,,,,,,0,CDC-cleaned
3,11,,2014-09-16,159,deaths,,,,,,0,CDC-cleaned
3,11,,2014-09-18,163,deaths,,,,,,0,CDC-cleaned
3,11,,2014-09-22,119,deaths,,,,,,0,CDC-cleaned
3,11,,2014-09-24,99,deaths,,,,,,0,CDC-cleaned
3,11,,2014-09-26,153,deaths,,,,,,0,CDC-cleaned
3,11,,2014-10-01,168,deaths,,,,,,0,CDC-cleaned
3,11,,2014-10-03,71,deaths,,,,,,0,CDC-cleaned
3,11,,2014-10-08,71,deaths,,,,,,0,CDC-cleaned
3,11,,2014-10-10,36,deaths,,,,,,0,CDC-cleaned
3,11,,2014-10-15,72,deaths,,,,,,0,CDC-cleaned
3,11,,2014-10-17,26,deaths,,,,,,0,CDC-cleaned
3,11,,2014-10-22,160,deaths,,,,,,0,CDC-cleaned
3,11,,2014-10-25,0,deaths,,,,,,0,CDC-cleaned
3,11,,2014-10-29,0,deaths,,,,,,0,CDC-cleaned
3,11,,2014-10-31,0,deaths,,,,,,0,CDC-cleaned
3,11,,2014-11-05,284,deaths,,,,,,0,CDC-cleaned
3,11,,2014-11-07,69,deaths,,,,,,0,CDC-cleaned
3,11,,2014-11-12,46,deaths,,,,,,0,CDC-cleaned
3,11,,2014-11-14,0,deaths,,,,,,0,CDC-cleaned
3,11,,2014-11-19,151,deaths,,,,,,0,CDC-cleaned
3,11,,2014-11-21,0,deaths,,,,,,0,CDC-cleaned
3,11,,2014-11-26,53,deaths,,,,,,0,CDC-cleaned
3,11,,2014-11-28,129,deaths,,,,,,0,CDC-cleaned
3,11,,2014-12-03,0,deaths,,,,,,0,CDC-cleaned
3,11,,2014-12-10,32,deaths,,,,,,0,CDC-cleaned
3,11,,2014-12-17,113,deaths,,,,,,0,CDC-cleaned
3,11,,2014-12-24,94,deaths,,,,,,0,CDC-cleaned
3,11,,2014-12-31,39,deaths,,,,,,0,CDC-cleaned
3,11,,2015-01-07,73,deaths,,,,,,0,CDC-cleaned
3,11,,2015-01-14,42,deaths,,,,,,0,CDC-cleaned
3,11,,2015-01-21,67,deaths,,,,,,0,CDC-cleaned
3,11,,2015-01-28,81,deaths,,,,,,0,CDC-cleaned
3,11,,2015-02-04,60,deaths,,,,,,0,CDC-cleaned
3,11,,2015-02-11,80,deaths,,,,,,0,CDC-cleaned
3,11,,2015-02-18,74,deaths,,,,,,0,CDC-cleaned
3,11,,2015-02-25,137,deaths,,,,,,0,CDC-cleaned
3,11,,2015-03-04,80,deaths,,,,,,0,CDC-cleaned
3,11,,2015-03-11,45,deaths,,,,,,0,CDC-cleaned
3,11,,2015-03-18,102,deaths,,,,,,0,CDC-cleaned
3,11,,2015-03-25,37,deaths,,,,,,0,CDC-cleaned
3,11,,2015-04-01,31,deaths,,,,,,0,CDC-cleaned
3,11,,2015-04-08,76,deaths,,,,,,0,CDC-cleaned
3,11,,2015-04-15,78,deaths,,,,,,0,CDC-cleaned
3,11,,2015-04-22,87,deaths,,,,,,0,CDC-cleaned
3,11,,2015-04-29,35,deaths,,,,,,0,CDC-cleaned
3,11,,2015-05-06,108,deaths,,,,,,0,CDC-cleaned
3,11,,2015-05-13,53,deaths,,,,,,0,CDC-cleaned
3,11,,2015-05-20,37,deaths,,,,,,0,CDC-cleaned
3,11,,2015-05-27,0,deaths,,,,,,0,CDC-cleaned
3,11,,2015-06-03,0,deaths,,,,,,0,CDC-cleaned
3,11,,2015-06-10,0,deaths,,,,,,0,CDC-cleaned
3,11,,2015-06-17,0,deaths,,,,,,0,CDC-cleaned
3,11,,2015-06-24,0,deaths,,,,,,0,CDC-cleaned
3,11,,2015-07-01,0,deaths,,,,,,0,CDC-cleaned
3,11,,2015-07-08,1,deaths,,,,,,0,CDC-cleaned
3,11,,2015-07-15,1,deaths,,,,,,0,CDC-cleaned
3,11,,2015-07-22,0,deaths,,,,,,0,CDC-cleaned
3,11,,2015-07-29,0,deaths,,,,,,0,CDC-cleaned
3,11,,2015-08-05,0,deaths,,,,,,0,CDC-cleaned
3,11,,2015-08-12,0,deaths,,,,,,0,CDC-cleaned
3,11,,2015-08-19,0,deaths,,,,,,0,CDC-cleaned
3,11,,2015-08-26,0,deaths,,,,,,0,CDC-cleaned
3,11,,2015-09-03,0,deaths,,,,,,0,CDC-cleaned
3,11,,2015-09-10,0,deaths,,,,,,0,CDC-cleaned
3,11,,2015-09-17,0,deaths,,,,,,0,CDC-cleaned
3,11,,2015-09-24,0,deaths,,,,,,0,CDC-cleaned
3,11,,2015-10-01,0,deaths,,,,,,0,CDC-cleaned
3,11,,2015-10-08,0,deaths,,,,,,0,CDC-cleaned
3,11,,2015-10-15,0,deaths,,,,,,0,CDC-cleaned
3,11,,2015-10-22,0,deaths,,,,,,0,CDC-cleaned
3,11,,2015-10-29,0,deaths,,,,,,0,CDC-cleaned
3,11,,2015-11-05,0,deaths,,,,,,0,CDC-cleaned
3,11,,2015-11-11,0,deaths,,,,,,0,CDC-cleaned
3,11,,2015-11-18,0,deaths,,,,,,0,CDC-cleaned
3,11,,2015-11-25,0,deaths,,,,,,0,CDC-cleaned
3,11,,2015-12-02,1,deaths,,,,,,0,CDC-cleaned
3,11,,2015-12-09,0,deaths,,,,,,0,CDC-cleaned
3,11,,2015-12-16,0,deaths,,,,,,0,CDC-cleaned
3,11,,2015-12-23,0,deaths,,,,,,0,CDC-cleaned
3,11,,2015-12-30,0,deaths,,,,,,0,CDC-cleaned
3,11,,2016-01-06,0,deaths,,,,,,0,CDC-cleaned
3,11,,2016-01-13,0,deaths,,,,,,0,CDC-cleaned
3,11,,2016-01-20,0,deaths,,,,,,0,CDC-cleaned
3,11,,2016-01-27,0,deaths,,,,,,0,CDC-cleaned
3,11,,2016-02-03,0,deaths,,,,,,0,CDC-cleaned
3,11,,2016-02-10,0,deaths,,,,,,0,CDC-cleaned
3,11,,2016-02-17,0,deaths,,,,,,0,CDC-cleaned
3,19,,2014-03-02,0,incidence,,,,,,0,CDC-cleaned
3,19,,2014-03-03,0,incidence,,,,,,0,CDC-cleaned
3,19,,2014-03-04,0,incidence,,,,,,0,CDC-cleaned
3,19,,2014-03-05,0,incidence,,,,,,0,CDC-cleaned
3,19,,2014-03-06,0,incidence,,,,,,0,CDC-cleaned
3,19,,2014-03-07,0,incidence,,,,,,0,CDC-cleaned
3,19,,2014-03-08,0,incidence,,,,,,0,CDC-cleaned
3,19,,2014-03-09,0,incidence,,,,,,0,CDC-cleaned
3,19,,2014-03-10,0,incidence,,,,,,0,CDC-cleaned
3,19,,2014-03-11,0,incidence,,,,,,0,CDC-cleaned
3,19,,2014-03-12,0,incidence,,,,,,0,CDC-cleaned
3,19,,2014-03-13,0,incidence,,,,,,0,CDC-cleaned
3,19,,2014-03-14,0,incidence,,,,,,0,CDC-cleaned
3,19,,2014-03-15,0,incidence,,,,,,0,CDC-cleaned
3,19,,2014-03-16,0,incidence,,,,,,0,CDC-cleaned
3,19,,2014-03-17,0,incidence,,,,,,0,CDC-cleaned
3,19,,2014-03-18,0,incidence,,,,,,0,CDC-cleaned
3,19,,2014-03-19,0,incidence,,,,,,0,CDC-cleaned
3,19,,2014-03-20,0,incidence,,,,,,0,CDC-cleaned
3,19,,2014-03-21,0,incidence,,,,,,0,CDC-cleaned
3,19,,2014-03-22,0,incidence,,,,,,0,CDC-cleaned
3,19,,2014-03-23,0,incidence,,,,,,0,CDC-cleaned
3,19,,2014-03-24,0,incidence,,,,,,0,CDC-cleaned
3,19,,2014-03-25,0,incidence,,,,,,0,CDC-cleaned
3,19,,2014-03-26,0,incidence,,,,,,0,CDC-cleaned
3,19,,2014-03-27,0,incidence,,,,,,0,CDC-cleaned
3,19,,2014-03-31,0,incidence,,,,,,0,CDC-cleaned
3,19,,2014-04-01,0,incidence,,,,,,0,CDC-cleaned
3,19,,2014-04-02,0,incidence,,,,,,0,CDC-cleaned
3,19,,2014-04-07,0,incidence,,,,,,0,CDC-cleaned
3,19,,2014-04-10,0,incidence,,,,,,0,CDC-cleaned
3,19,,2014-04-17,0,incidence,,,,,,0,CDC-cleaned
3,19,,2014-04-21,0,incidence,,,,,,0,CDC-cleaned
3,19,,2014-04-23,0,incidence,,,,,,0,CDC-cleaned
3,19,,2014-04-30,0,incidence,,,,,,0,CDC-cleaned
3,19,,2014-05-05,0,incidence,,,,,,0,CDC-cleaned
3,19,,2014-05-14,0,incidence,,,,,,0,CDC-cleaned
3,19,,2014-05-23,0,incidence,,,,,,0,CDC-cleaned
3,19,,2014-05-27,1,incidence,,,,,,0,CDC-cleaned
3,19,,2014-05-28,15,incidence,,,,,,0,CDC-cleaned
3,19,,2014-06-02,34,incidence,,,,,,0,CDC-cleaned
3,19,,2014-06-05,31,incidence,,,,,,0,CDC-cleaned
3,19,,2014-06-10,8,incidence,,,,,,0,CDC-cleaned
3,19,,2014-06-11,8,incidence,,,,,,0,CDC-cleaned
3,19,,2014-06-18,0,incidence,,,,,,0,CDC-cleaned
3,19,,2014-06-24,61,incidence,,,,,,0,CDC-cleaned
3,19,,2014-07-02,81,incidence,,,,,,0,CDC-cleaned
3,19,,2014-07-07,13,incidence,,,,,,0,CDC-cleaned
3,19,,2014-07-08,53,incidence,,,,,,0,CDC-cleaned
3,19,,2014-07-14,32,incidence,,,,,,0,CDC-cleaned
3,19,,2014-07-16,49,incidence,,,,,,0,CDC-cleaned
3,19,,2014-07-21,56,incidence,,,,,,0,CDC-cleaned
3,19,,2014-07-24,12,incidence,,,,,,0,CDC-cleaned
3,19,,2014-07-28,71,incidence,,,,,,0,CDC-cleaned
3,19,,2014-07-31,8,incidence,,,,,,0,CDC-cleaned
3,19,,2014-08-03,41,incidence,,,,,,0,CDC-cleaned
3,19,,2014-08-04,72,incidence,,,,,,0,CDC-cleaned
3,19,,2014-08-08,71,incidence,,,,,,0,CDC-cleaned
3,19,,2014-08-12,13,incidence,,,,,,0,CDC-cleaned
3,19,,2014-08-13,53,incidence,,,,,,0,CDC-cleaned
3,19,,2014-08-15,27,incidence,,,,,,0,CDC-cleaned
3,19,,2014-08-19,38,incidence,,,,,,0,CDC-cleaned
3,19,,2014-08-21,59,incidence,,,,,,0,CDC-cleaned
3,19,,2014-08-22,3,incidence,,,,,,0,CDC-cleaned
3,19,,2014-08-28,116,incidence,,,,,,0,CDC-cleaned
3,19,,2014-09-06,235,incidence,,,,,,0,CDC-cleaned
3,19,,2014-09-08,100,incidence,,,,,,0,CDC-cleaned
3,19,,2014-09-12,63,incidence,,,,,,0,CDC-cleaned
3,19,,2014-09-16,196,incidence,,,,,,0,CDC-cleaned
3,19,,2014-09-18,53,incidence,,,,,,0,CDC-cleaned
3,19,,2014-09-22,140,incidence,,,,,,0,CDC-cleaned
3,19,,2014-09-24,127,incidence,,,,,,0,CDC-cleaned
3,19,,2014-09-26,81,incidence,,,,,,0,CDC-cleaned
3,19,,2014-10-01,283,incidence,,,,,,0,CDC-cleaned
3,19,,2014-10-03,133,incidence,,,,,,0,CDC-cleaned
3,19,,2014-10-08,352,incidence,,,,,,0,CDC-cleaned
3,19,,2014-10-10,161,incidence,,,,,,0,CDC-cleaned
3,19,,2014-10-15,302,incidence,,,,,,0,CDC-cleaned
3,19,,2014-10-17,158,incidence,,,,,,0,CDC-cleaned
3,19,,2014-10-22,296,incidence,,,,,,0,CDC-cleaned
3,19,,2014-10-25,190,incidence,,,,,,0,CDC-cleaned
3,19,,2014-10-29,365,incidence,,,,,,0,CDC-cleaned
3,19,,2014-10-31,103,incidence,,,,,,0,CDC-cleaned
3,19,,2014-11-05,365,incidence,,,,,,0,CDC-cleaned
3,19,,2014-11-07,103,incidence,,,,,,0,CDC-cleaned
3,19,,2014-11-12,506,incidence,,,,,,0,CDC-cleaned
3,19,,2014-11-14,218,incidence,,,,,,0,CDC-cleaned
3,19,,2014-11-19,487,incidence,,,,,,0,CDC-cleaned
3,19,,2014-11-21,117,incidence,,,,,,0,CDC-cleaned
3,19,,2014-11-26,409,incidence,,,,,,0,CDC-cleaned
3,19,,2014-11-28,510,incidence,,,,,,0,CDC-cleaned
3,19,,2014-12-03,203,incidence,,,,,,0,CDC-cleaned
3,19,,2014-12-10,585,incidence,,,,,,0,CDC-cleaned
3,19,,2014-12-17,459,incidence,,,,,,0,CDC-cleaned
3,19,,2014-12-24,648,incidence,,,,,,0,CDC-cleaned
3,19,,2014-12-31,442,incidence,,,,,,0,CDC-cleaned
3,19,,2015-01-07,334,incidence,,,,,,0,CDC-cleaned
3,19,,2015-01-14,344,incidence,,,,,,0,CDC-cleaned
3,19,,2015-01-21,216,incidence,,,,,,0,CDC-cleaned
3,19,,2015-01-28,178,incidence,,,,,,0,CDC-cleaned
3,19,,2015-02-04,222,incidence,,,,,,0,CDC-cleaned
3,19,,2015-02-11,194,incidence,,,,,,0,CDC-cleaned
3,19,,2015-02-18,169,incidence,,,,,,0,CDC-cleaned
3,19,,2015-02-25,198,incidence,,,,,,0,CDC-cleaned
3,19,,2015-03-04,165,incidence,,,,,,0,CDC-cleaned
3,19,,2015-03-11,153,incidence,,,,,,0,CDC-cleaned
3,19,,2015-03-18,132,incidence,,,,,,0,CDC-cleaned
3,19,,2015-03-25,90,incidence,,,,,,0,CDC-cleaned
3,19,,2015-04-01,133,incidence,,,,,,0,CDC-cleaned
3,19,,2015-04-08,164,incidence,,,,,,0,CDC-cleaned
3,19,,2015-04-15,63,incidence,,,,,,0,CDC-cleaned
3,19,,2015-04-22,66,incidence,,,,,,0,CDC-cleaned
3,19,,2015-04-29,104,incidence,,,,,,0,CDC-cleaned
3,19,,2015-05-06,69,incidence,,,,,,0,CDC-cleaned
3,19,,2015-05-13,83,incidence,,,,,,0,CDC-cleaned
3,19,,2015-05-20,109,incidence,,,,,,0,CDC-cleaned
3,19,,2015-05-27,74,incidence,,,,,,0,CDC-cleaned
3,19,,2015-06-03,121,incidence,,,,,,0,CDC-cleaned
3,19,,2015-06-10,74,incidence,,,,,,0,CDC-cleaned
3,19,,2015-06-17,64,incidence,,,,,,0,CDC-cleaned
3,19,,2015-06-24,94,incidence,,,,,,0,CDC-cleaned
3,19,,2015-07-01,60,incidence,,,,,,0,CDC-cleaned
3,19,,2015-07-08,36,incidence,,,,,,0,CDC-cleaned
3,19,,2015-07-15,54,incidence,,,,,,0,CDC-cleaned
3,19,,2015-07-22,41,incidence,,,,,,0,CDC-cleaned
3,19,,2015-07-29,40,incidence,,,,,,0,CDC-cleaned
3,19,,2015-08-05,116,incidence,,,,,,0,CDC-cleaned
3,19,,2015-08-12,64,incidence,,,,,,0,CDC-cleaned
3,19,,2015-08-19,24,incidence,,,,,,0,CDC-cleaned
3,19,,2015-08-26,47,incidence,,,,,,0,CDC-cleaned
3,19,,2015-09-03,97,incidence,,,,,,0,CDC-cleaned
3,19,,2015-09-10,45,incidence,,,,,,0,CDC-cleaned
3,19,,2015-09-17,73,incidence,,,,,,0,CDC-cleaned
3,19,,2015-09-24,67,incidence,,,,,,0,CDC-cleaned
3,19,,2015-10-01,88,incidence,,,,,,0,CDC-cleaned
3,19,,2015-10-08,34,incidence,,,,,,0,CDC-cleaned
3,19,,2015-10-15,37,incidence,,,,,,0,CDC-cleaned
3,19,,2015-10-22,19,incidence,,,,,,0,CDC-cleaned
3,19,,2015-10-29,60,incidence,,,,,,0,CDC-cleaned
3,19,,2015-11-05,28,incidence,,,,,,0,CDC-cleaned
3,19,,2015-11-11,33,incidence,,,,,,0,CDC-cleaned
3,19,,2015-11-18,0,incidence,,,,,,0,CDC-cleaned
3,19,,2015-11-25,0,incidence,,,,,,0,CDC-cleaned
3,19,,2015-12-02,0,incidence,,,,,,0,CDC-cleaned
3,19,,2015-12-09,0,incidence,,,,,,0,CDC-cleaned
3,19,,2015-12-16,0,incidence,,,,,,0,CDC-cleaned
3,19,,2015-12-23,0,incidence,,,,,,0,CDC-cleaned
3,19,,2015-12-30,0,incidence,,,,,,0,CDC-cleaned
3,19,,2016-01-06,0,incidence,,,,,,0,CDC-cleaned
3,19,,2016-01-13,0,incidence,,,,,,0,CDC-cleaned
3,19,,2016-01-20,1,incidence,,,,,,0,CDC-cleaned
3,19,,2016-01-27,1,incidence,,,,,,0,CDC-cleaned
3,19,,2016-02-03,0,incidence,,,,,,0,CDC-cleaned
3,19,,2016-02-10,0,incidence,,,,,,0,CDC-cleaned
3,19,,2016-02-17,0,incidence,,,,,,0,CDC-cleaned
3,19,,2014-03-02,0,deaths,,,,,,0,CDC-cleaned
3,19,,2014-03-03,0,deaths,,,,,,0,CDC-cleaned
3,19,,2014-03-04,0,deaths,,,,,,0,CDC-cleaned
3,19,,2014-03-05,0,deaths,,,,,,0,CDC-cleaned
3,19,,2014-03-06,0,deaths,,,,,,0,CDC-cleaned
3,19,,2014-03-07,0,deaths,,,,,,0,CDC-cleaned
3,19,,2014-03-08,0,deaths,,,,,,0,CDC-cleaned
3,19,,2014-03-09,0,deaths,,,,,,0,CDC-cleaned
3,19,,2014-03-10,0,deaths,,,,,,0,CDC-cleaned
3,19,,2014-03-11,0,deaths,,,,,,0,CDC-cleaned
3,19,,2014-03-12,0,deaths,,,,,,0,CDC-cleaned
3,19,,2014-03-13,0,deaths,,,,,,0,CDC-cleaned
3,19,,2014-03-14,0,deaths,,,,,,0,CDC-cleaned
3,19,,2014-03-15,0,deaths,,,,,,0,CDC-cleaned
3,19,,2014-03-16,0,deaths,,,,,,0,CDC-cleaned
3,19,,2014-03-17,0,deaths,,,,,,0,CDC-cleaned
3,19,,2014-03-18,0,deaths,,,,,,0,CDC-cleaned
3,19,,2014-03-19,0,deaths,,,,,,0,CDC-cleaned
3,19,,2014-03-20,0,deaths,,,,,,0,CDC-cleaned
3,19,,2014-03-21,0,deaths,,,,,,0,CDC-cleaned
3,19,,2014-03-22,0,deaths,,,,,,0,CDC-cleaned
3,19,,2014-03-23,0,deaths,,,,,,0,CDC-cleaned
3,19,,2014-03-24,0,deaths,,,,,,0,CDC-cleaned
3,19,,2014-03-25,0,deaths,,,,,,0,CDC-cleaned
3,19,,2014-03-26,0,deaths,,,,,,0,CDC-cleaned
3,19,,2014-03-27,5,deaths,,,,,,0,CDC-cleaned
3,19,,2014-03-31,-5,deaths,,,,,,0,CDC-cleaned
3,19,,2014-04-01,0,deaths,,,,,,0,CDC-cleaned
3,19,,2014-04-02,0,deaths,,,,,,0,CDC-cleaned
3,19,,2014-04-07,0,deaths,,,,,,0,CDC-cleaned
3,19,,2014-04-10,0,deaths,,,,,,0,CDC-cleaned
3,19,,2014-04-17,0,deaths,,,,,,0,CDC-cleaned
3,19,,2014-04-21,0,deaths,,,,,,0,CDC-cleaned
3,19,,2014-04-23,0,deaths,,,,,,0,CDC-cleaned
3,19,,2014-04-30,0,deaths,,,,,,0,CDC-cleaned
3,19,,2014-05-05,0,deaths,,,,,,0,CDC-cleaned
3,19,,2014-05-14,0,deaths,,,,,,0,CDC-cleaned
3,19,,2014-05-23,0,deaths,,,,,,0,CDC-cleaned
3,19,,2014-05-27,4,deaths,,,,,,0,CDC-cleaned
3,19,,2014-05-28,1,deaths,,,,,,0,CDC-cleaned
3,19,,2014-06-02,1,deaths,,,,,,0,CDC-cleaned
3,19,,2014-06-05,1,deaths,,,,,,0,CDC-cleaned
3,19,,2014-06-10,0,deaths,,,,,,0,CDC-cleaned
3,19,,2014-06-11,12,deaths,,,,,,0,CDC-cleaned
3,19,,2014-06-18,15,deaths,,,,,,0,CDC-cleaned
3,19,,2014-06-24,0,deaths,,,,,,0,CDC-cleaned
3,19,,2014-07-02,65,deaths,,,,,,0,CDC-cleaned
3,19,,2014-07-07,2,deaths,,,,,,0,CDC-cleaned
3,19,,2014-07-08,26,deaths,,,,,,0,CDC-cleaned
3,19,,2014-07-14,15,deaths,,,,,,0,CDC-cleaned
3,19,,2014-07-16,50,deaths,,,,,,0,CDC-cleaned
3,19,,2014-07-21,14,deaths,,,,,,0,CDC-cleaned
3,19,,2014-07-24,13,deaths,,,,,,0,CDC-cleaned
3,19,,2014-07-28,5,deaths,,,,,,0,CDC-cleaned
3,19,,2014-07-31,9,deaths,,,,,,0,CDC-cleaned
3,19,,2014-08-03,19,deaths,,,,,,0,CDC-cleaned
3,19,,2014-08-04,21,deaths,,,,,,0,CDC-cleaned
3,19,,2014-08-08,25,deaths,,,,,,0,CDC-cleaned
3,19,,2014-08-12,17,deaths,,,,,,0,CDC-cleaned
3,19,,2014-08-13,19,deaths,,,,,,0,CDC-cleaned
3,19,,2014-08-15,14,deaths,,,,,,0,CDC-cleaned
3,19,,2014-08-19,17,deaths,,,,,,0,CDC-cleaned
3,19,,2014-08-21,9,deaths,,,,,,0,CDC-cleaned
3,19,,2014-08-22,18,deaths,,,,,,0,CDC-cleaned
3,19,,2014-08-28,30,deaths,,,,,,0,CDC-cleaned
3,19,,2014-09-06,69,deaths,,,,,,0,CDC-cleaned
3,19,,2014-09-08,18,deaths,,,,,,0,CDC-cleaned
3,19,,2014-09-12,15,deaths,,,,,,0,CDC-cleaned
3,19,,2014-09-16,38,deaths,,,,,,0,CDC-cleaned
3,19,,2014-09-18,0,deaths,,,,,,0,CDC-cleaned
3,19,,2014-09-22,31,deaths,,,,,,0,CDC-cleaned
3,19,,2014-09-24,4,deaths,,,,,,0,CDC-cleaned
3,19,,2014-09-26,8,deaths,,,,,,0,CDC-cleaned
3,19,,2014-10-01,17,deaths,,,,,,0,CDC-cleaned
3,19,,2014-10-03,1,deaths,,,,,,0,CDC-cleaned
3,19,,2014-10-08,100,deaths,,,,,,0,CDC-cleaned
3,19,,2014-10-10,51,deaths,,,,,,0,CDC-cleaned
3,19,,2014-10-15,100,deaths,,,,,,0,CDC-cleaned
3,19,,2014-10-17,17,deaths,,,,,,0,CDC-cleaned
3,19,,2014-10-22,81,deaths,,,,,,0,CDC-cleaned
3,19,,2014-10-25,0,deaths,,,,,,0,CDC-cleaned
3,19,,2014-10-29,100,deaths,,,,,,0,CDC-cleaned
3,19,,2014-10-31,10,deaths,,,,,,0,CDC-cleaned
3,19,,2014-11-05,0,deaths,,,,,,0,CDC-cleaned
3,19,,2014-11-07,60,deaths,,,,,,0,CDC-cleaned
3,19,,2014-11-12,39,deaths,,,,,,0,CDC-cleaned
3,19,,2014-11-14,18,deaths,,,,,,0,CDC-cleaned
3,19,,2014-11-19,63,deaths,,,,,,0,CDC-cleaned
3,19,,2014-11-21,17,deaths,,,,,,0,CDC-cleaned
3,19,,2014-11-26,131,deaths,,,,,,0,CDC-cleaned
3,19,,2014-11-28,132,deaths,,,,,,0,CDC-cleaned
3,19,,2014-12-03,53,deaths,,,,,,0,CDC-cleaned
3,19,,2014-12-10,185,deaths,,,,,,0,CDC-cleaned
3,19,,2014-12-17,317,deaths,,,,,,0,CDC-cleaned
3,19,,2014-12-24,497,deaths,,,,,,0,CDC-cleaned
3,19,,2014-12-31,176,deaths,,,,,,0,CDC-cleaned
3,19,,2015-01-07,185,deaths,,,,,,0,CDC-cleaned
3,19,,2015-01-14,119,deaths,,,,,,0,CDC-cleaned
3,19,,2015-01-21,83,deaths,,,,,,0,CDC-cleaned
3,19,,2015-01-28,54,deaths,,,,,,0,CDC-cleaned
3,19,,2015-02-04,77,deaths,,,,,,0,CDC-cleaned
3,19,,2015-02-11,65,deaths,,,,,,0,CDC-cleaned
3,19,,2015-02-18,67,deaths,,,,,,0,CDC-cleaned
3,19,,2015-02-25,53,deaths,,,,,,0,CDC-cleaned
3,19,,2015-03-04,85,deaths,,,,,,0,CDC-cleaned
3,19,,2015-03-11,83,deaths,,,,,,0,CDC-cleaned
3,19,,2015-03-18,62,deaths,,,,,,0,CDC-cleaned
3,19,,2015-03-25,56,deaths,,,,,,0,CDC-cleaned
3,19,,2015-04-01,52,deaths,,,,,,0,CDC-cleaned
3,19,,2015-04-08,32,deaths,,,,,,0,CDC-cleaned
3,19,,2015-04-15,26,deaths,,,,,,0,CDC-cleaned
3,19,,2015-04-22,20,deaths,,,,,,0,CDC-cleaned
3,19,,2015-04-29,22,deaths,,,,,,0,CDC-cleaned
3,19,,2015-05-06,4,deaths,,,,,,0,CDC-cleaned
3,19,,2015-05-13,1,deaths,,,,,,0,CDC-cleaned
3,19,,2015-05-20,3,deaths,,,,,,0,CDC-cleaned
3,19,,2015-05-27,1,deaths,,,,,,0,CDC-cleaned
3,19,,2015-06-03,4,deaths,,,,,,0,CDC-cleaned
3,19,,2015-06-10,3,deaths,,,,,,0,CDC-cleaned
3,19,,2015-06-17,4,deaths,,,,,,0,CDC-cleaned
3,19,,2015-06-24,9,deaths,,,,,,0,CDC-cleaned
3,19,,2015-07-01,4,deaths,,,,,,0,CDC-cleaned
3,19,,2015-07-08,8,deaths,,,,,,0,CDC-cleaned
3,19,,2015-07-15,7,deaths,,,,,,0,CDC-cleaned
3,19,,2015-07-22,2,deaths,,,,,,0,CDC-cleaned
3,19,,2015-07-29,2,deaths,,,,,,0,CDC-cleaned
3,19,,2015-08-05,0,deaths,,,,,,0,CDC-cleaned
3,19,,2015-08-12,0,deaths,,,,,,0,CDC-cleaned
3,19,,2015-08-19,1,deaths,,,,,,0,CDC-cleaned
3,19,,2015-08-26,0,deaths,,,,,,0,CDC-cleaned
3,19,,2015-09-03,1,deaths,,,,,,0,CDC-cleaned
3,19,,2015-09-10,0,deaths,,,,,,0,CDC-cleaned
3,19,,2015-09-17,0,deaths,,,,,,0,CDC-cleaned
3,19,,2015-09-24,2,deaths,,,,,,0,CDC-cleaned
3,19,,2015-10-01,0,deaths,,,,,,0,CDC-cleaned
3,19,,2015-10-08,0,deaths,,,,,,0,CDC-cleaned
3,19,,2015-10-15,0,deaths,,,,,,0,CDC-cleaned
3,19,,2015-10-22,0,deaths,,,,,,0,CDC-cleaned
3,19,,2015-10-29,0,deaths,,,,,,0,CDC-cleaned
3,19,,2015-11-05,0,deaths,,,,,,0,CDC-cleaned
3,19,,2015-11-11,0,deaths,,,,,,0,CDC-cleaned
3,19,,2015-11-18,0,deaths,,,,,,0,CDC-cleaned
3,19,,2015-11-25,0,deaths,,,,,,0,CDC-cleaned
3,19,,2015-12-02,0,deaths,,,,,,0,CDC-cleaned
3,19,,2015-12-09,0,deaths,,,,,,0,CDC-cleaned
3,19,,2015-12-16,0,deaths,,,,,,0,CDC-cleaned
3,19,,2015-12-23,0,deaths,,,,,,0,CDC-cleaned
3,19,,2015-12-30,0,deaths,,,,,,0,CDC-cleaned
3,19,,2016-01-06,0,deaths,,,,,,0,CDC-cleaned
3,19,,2016-01-13,0,deaths,,,,,,0,CDC-cleaned
3,19,,2016-01-20,1,deaths,,,,,,0,CDC-cleaned
3,19,,2016-01-27,0,deaths,,,,,,0,CDC-cleaned
3,19,,2016-02-03,0,deaths,,,,,,0,CDC-cleaned
3,19,,2016-02-10,0,deaths,,,,,,0,CDC-cleaned
3,19,,2016-02-17,0,deaths,,,,,,0,CDC-cleaned